notebook,class,kernel,model,accuracy,precision,recall,f1,mcc,roc_auc,pr_auc,confusion_matrix,support_0,support_1,cpu_total_time
RandomForest.all.ipynb,all,kernel4,RandomForest,0.9646,0.856,0.7683,0.8098,0.7917,0.98,0.8997,"[[3716 53]
 [95 315]]",3769,410,21.2 s
RandomForest.firstorder.ipynb,firstorder,kernel4,RandomForest,0.9617,0.8019,0.8098,0.8058,0.7846,0.9614,0.8654,"[[3687 82]
 [78 332]]",3769,410,15.3 s
RandomForest.glcm.ipynb,glcm,kernel4,RandomForest,0.9655,0.8464,0.7927,0.8186,0.8001,0.9784,0.8982,"[[3710 59]
 [85 325]]",3769,410,14.4 s
RandomForest.gldm.ipynb,gldm,kernel4,RandomForest,0.962,0.8476,0.7463,0.7938,0.7748,0.9631,0.8693,"[[3714 55]
 [104 306]]",3769,410,13.4 s
RandomForest.glrlm.ipynb,glrlm,kernel4,RandomForest,0.9615,0.8302,0.7634,0.7954,0.775,0.9559,0.854,"[[3705 64]
 [97 313]]",3769,410,13.3 s
RandomForest.glszm.ipynb,glszm,kernel4,RandomForest,0.9596,0.8338,0.7341,0.7808,0.7605,0.9645,0.8609,"[[3709 60]
 [109 301]]",3769,410,15.1 s
RandomForest.ngtdm.ipynb,ngtdm,kernel4,RandomForest,0.9519,0.836,0.6341,0.7212,0.7034,0.9457,0.7847,"[[3718 51]
 [150 260]]",3769,410,13 s
SVM.all.ipynb,all,kernel4,SVM,0.9428,0.6535,0.8878,0.7528,0.7322,0.9688,0.7708,"[[3576 193]
 [46 364]]",3769,410,8.37 s
SVM.firstorder.ipynb,firstorder,kernel4,SVM,0.9557,0.8049,0.7244,0.7625,0.7394,0.9581,0.801,"[[3697 72]
 [113 297]]",3769,410,9.38 s
SVM.glcm.ipynb,glcm,kernel4,SVM,0.9186,0.551,0.922,0.6898,0.6747,0.9684,0.7984,"[[3461 308]
 [32 378]]",3769,410,4.55 s
SVM.gldm.ipynb,gldm,kernel4,SVM,0.9593,0.8846,0.6732,0.7645,0.751,0.9664,0.864,"[[3733 36]
 [134 276]]",3769,410,6.69 s
SVM.glrlm.ipynb,glrlm,kernel4,SVM,0.9617,0.8765,0.7098,0.7844,0.7687,0.9652,0.8563,"[[3728 41]
 [119 291]]",3769,410,6.61 s
SVM.glszm.ipynb,glszm,kernel4,SVM,0.9591,0.877,0.678,0.7648,0.7502,0.9668,0.861,"[[3730 39]
 [132 278]]",3769,410,6.88 s
SVM.ngtdm.ipynb,ngtdm,kernel4,SVM,0.9146,0.7345,0.2024,0.3174,0.3567,0.9292,0.5969,"[[3739 30]
 [327 83]]",3769,410,10.8 s
XGBoost.all.ipynb,all,kernel4,XGBoost,0.9682,0.8085,0.8854,0.8452,0.8285,0.9792,0.9102,"[[3683 86]
 [47 363]]",3769,410,52.9 s
XGBoost.firstorder.ipynb,firstorder,kernel4,XGBoost,0.9596,0.7835,0.8122,0.7976,0.7753,0.9537,0.8678,"[[3677 92]
 [77 333]]",3769,410,11.6 s
XGBoost.glcm.ipynb,glcm,kernel4,XGBoost,0.9636,0.778,0.8805,0.8261,0.8078,0.9774,0.9012,"[[3666 103]
 [49 361]]",3769,410,13.4 s
XGBoost.gldm.ipynb,gldm,kernel4,XGBoost,0.9617,0.8415,0.7512,0.7938,0.7743,0.9622,0.8682,"[[3711 58]
 [102 308]]",3769,410,10.7 s
XGBoost.glrlm.ipynb,glrlm,kernel4,XGBoost,0.9593,0.8125,0.761,0.7859,0.7639,0.9596,0.8522,"[[3697 72]
 [98 312]]",3769,410,10.8 s
XGBoost.glszm.ipynb,glszm,kernel4,XGBoost,0.9591,0.831,0.7317,0.7782,0.7576,0.9649,0.8636,"[[3708 61]
 [110 300]]",3769,410,11.2 s
XGBoost.ngtdm.ipynb,ngtdm,kernel4,XGBoost,0.955,0.8171,0.6976,0.7526,0.7308,0.9444,0.7847,"[[3705 64]
 [124 286]]",3769,410,9.2 s
